index,movie_title,movie_year,movie_rating,movie_votes_count,title_word_count,link_url
1,Jai Bhim,2021,9.4,157975,2,https://www.imdb.com/title/tt15097216/
2,The Shawshank Redemption,1994,9.3,2505826,3,https://www.imdb.com/title/tt0111161/
3,Spider-Man: No Way Home,2021,9.2,83330,4,https://www.imdb.com/title/tt10872600/
4,The Godfather,1972,9.2,1727046,2,https://www.imdb.com/title/tt0068646/
5,Soorarai Pottru,2020,9.1,104606,2,https://www.imdb.com/title/tt10189514/
6,The Dark Knight,2008,9.0,2455335,3,https://www.imdb.com/title/tt0468569/
7,The Godfather: Part II,1974,9.0,1198388,4,https://www.imdb.com/title/tt0071562/
8,12 Angry Men,1957,9.0,740072,3,https://www.imdb.com/title/tt0050083/
9,The Lord of the Rings: The Return of the King,2003,8.9,1730819,10,https://www.imdb.com/title/tt0167260/
10,Pulp Fiction,1994,8.9,1933232,2,https://www.imdb.com/title/tt0110912/
11,Schindler's List,1993,8.9,1282043,2,https://www.imdb.com/title/tt0108052/
12,Inception,2010,8.8,2203247,1,https://www.imdb.com/title/tt1375666/
13,Dara of Jasenovac,2020,8.8,79983,3,https://www.imdb.com/title/tt10554232/
14,Sardar Udham,2021,8.8,32046,2,https://www.imdb.com/title/tt10280296/
15,Fight Club,1999,8.8,1971156,2,https://www.imdb.com/title/tt0137523/
16,The Lord of the Rings: The Fellowship of the Ring,2001,8.8,1752103,10,https://www.imdb.com/title/tt0120737/
17,Forrest Gump,1994,8.8,1934098,2,https://www.imdb.com/title/tt0109830/
18,"The Good, the Bad and the Ugly",1966,8.8,725786,7,https://www.imdb.com/title/tt0060196/
19,Shershaah,2021,8.7,109695,1,https://www.imdb.com/title/tt10295212/
20,The Lord of the Rings: The Two Towers,2002,8.7,1564578,8,https://www.imdb.com/title/tt0167261/
21,The Matrix,1999,8.7,1789688,2,https://www.imdb.com/title/tt0133093/
22,Goodfellas,1990,8.7,1084904,1,https://www.imdb.com/title/tt0099685/
23,Star Wars: Episode V - The Empire Strikes Back,1980,8.7,1218921,9,https://www.imdb.com/title/tt0080684/
24,One Flew Over the Cuckoo's Nest,1975,8.7,963590,6,https://www.imdb.com/title/tt0073486/
25,Parasite,2019,8.6,691851,1,https://www.imdb.com/title/tt6751668/
26,Drishyam 2,2021,8.6,32491,2,https://www.imdb.com/title/tt12361178/
27,Interstellar,2014,8.6,1653769,1,https://www.imdb.com/title/tt0816692/
28,City of God,2002,8.6,728200,3,https://www.imdb.com/title/tt0317248/
29,Spirited Away,2001,8.6,705932,2,https://www.imdb.com/title/tt0245429/
30,Saving Private Ryan,1998,8.6,1309408,3,https://www.imdb.com/title/tt0120815/
31,The Green Mile,1999,8.6,1219651,3,https://www.imdb.com/title/tt0120689/
32,Life Is Beautiful,1997,8.6,660259,3,https://www.imdb.com/title/tt0118799/
33,Se7en,1995,8.6,1539108,1,https://www.imdb.com/title/tt0114369/
34,The Silence of the Lambs,1991,8.6,1349461,5,https://www.imdb.com/title/tt0102926/
35,Star Wars: Episode IV - A New Hope,1977,8.6,1290680,8,https://www.imdb.com/title/tt0076759/
36,Hara-Kiri,1962,8.6,50727,1,https://www.imdb.com/title/tt0056058/
37,Seven Samurai,1954,8.6,332329,2,https://www.imdb.com/title/tt0047478/
38,It's a Wonderful Life,1946,8.6,428482,4,https://www.imdb.com/title/tt0038650/
39,96,2018,8.5,26682,1,https://www.imdb.com/title/tt7019842/
40,Whiplash,2014,8.5,777374,1,https://www.imdb.com/title/tt2582802/
41,The Intouchables,2011,8.5,807809,2,https://www.imdb.com/title/tt1675434/
42,The Prestige,2006,8.5,1261102,2,https://www.imdb.com/title/tt0482571/
43,The Departed,2006,8.5,1255425,2,https://www.imdb.com/title/tt0407887/
44,The Pianist,2002,8.5,781725,2,https://www.imdb.com/title/tt0253474/
45,Gladiator,2000,8.5,1417454,1,https://www.imdb.com/title/tt0172495/
46,American History X,1998,8.5,1076614,3,https://www.imdb.com/title/tt0120586/
47,The Usual Suspects,1995,8.5,1039070,3,https://www.imdb.com/title/tt0114814/
48,Léon: The Professional,1994,8.5,1096546,3,https://www.imdb.com/title/tt0110413/
49,The Lion King,1994,8.5,995959,3,https://www.imdb.com/title/tt0110357/
50,Terminator 2: Judgment Day,1991,8.5,1044589,4,https://www.imdb.com/title/tt0103064/
51,Cinema Paradiso,1988,8.5,248495,2,https://www.imdb.com/title/tt0095765/
52,Grave of the Fireflies,1988,8.5,257238,4,https://www.imdb.com/title/tt0095327/
53,Back to the Future,1985,8.5,1128171,4,https://www.imdb.com/title/tt0088763/
54,Once Upon a Time in the West,1968,8.5,317403,7,https://www.imdb.com/title/tt0064116/
55,Psycho,1960,8.5,638909,1,https://www.imdb.com/title/tt0054215/
56,Rear Window,1954,8.5,470750,2,https://www.imdb.com/title/tt0047396/
57,Casablanca,1942,8.5,548304,1,https://www.imdb.com/title/tt0034583/
58,Modern Times,1936,8.5,231388,2,https://www.imdb.com/title/tt0027977/
59,City Lights,1931,8.5,177902,2,https://www.imdb.com/title/tt0021749/
60,Hamilton,2020,8.4,78130,1,https://www.imdb.com/title/tt8503618/
61,Capernaum,2018,8.4,78807,1,https://www.imdb.com/title/tt8267604/
62,Joker,2019,8.4,1108646,1,https://www.imdb.com/title/tt7286456/
63,Raatchasan,2018,8.4,36743,1,https://www.imdb.com/title/tt7060344/
64,Ayla: The Daughter of War,2017,8.4,37586,5,https://www.imdb.com/title/tt6316138/
65,Your Name.,2016,8.4,233009,2,https://www.imdb.com/title/tt5311514/
66,Dangal,2016,8.4,174985,1,https://www.imdb.com/title/tt5074352/
67,Spider-Man: Into the Spider-Verse,2018,8.4,445081,4,https://www.imdb.com/title/tt4633694/
68,Avengers: Endgame,2019,8.4,973261,2,https://www.imdb.com/title/tt4154796/
69,Avengers: Infinity War,2018,8.4,950676,3,https://www.imdb.com/title/tt4154756/
70,Coco,2017,8.4,445807,1,https://www.imdb.com/title/tt2380307/
71,Django Unchained,2012,8.4,1449334,2,https://www.imdb.com/title/tt1853728/
72,The Dark Knight Rises,2012,8.4,1597616,4,https://www.imdb.com/title/tt1345836/
73,3 Idiots,2009,8.4,373338,2,https://www.imdb.com/title/tt1187043/
74,Like Stars on Earth,2007,8.4,183266,4,https://www.imdb.com/title/tt0986264/
75,WALL·E,2008,8.4,1054988,1,https://www.imdb.com/title/tt0910970/
76,The Lives of Others,2006,8.4,376297,4,https://www.imdb.com/title/tt0405094/
77,Oldboy,2003,8.4,548374,1,https://www.imdb.com/title/tt0364569/
78,Memento,2000,8.4,1181195,1,https://www.imdb.com/title/tt0209144/
79,Princess Mononoke,1997,8.4,370327,2,https://www.imdb.com/title/tt0119698/
80,Indiana Jones and the Raiders of the Lost Ark,1981,8.4,925628,9,https://www.imdb.com/title/tt0082971/
81,The Shining,1980,8.4,958657,2,https://www.imdb.com/title/tt0081505/
82,Apocalypse Now,1979,8.4,637165,2,https://www.imdb.com/title/tt0078788/
83,Alien,1979,8.4,834017,1,https://www.imdb.com/title/tt0078748/
84,High and Low,1963,8.4,40709,3,https://www.imdb.com/title/tt0057565/
85,Dr. Strangelove or: How I Learned to Stop Worrying and Love the Bomb,1964,8.4,471722,13,https://www.imdb.com/title/tt0057012/
86,Witness for the Prosecution,1957,8.4,118215,4,https://www.imdb.com/title/tt0051201/
87,Paths of Glory,1957,8.4,189262,3,https://www.imdb.com/title/tt0050825/
88,Pather Panchali,1955,8.4,29621,2,https://www.imdb.com/title/tt0048473/
89,Sunset Blvd.,1950,8.4,213417,2,https://www.imdb.com/title/tt0043014/
90,The Great Dictator,1940,8.4,215343,3,https://www.imdb.com/title/tt0032553/
91,Chhichhore,2019,8.3,46182,1,https://www.imdb.com/title/tt9052870/
92,1917,2019,8.3,513218,1,https://www.imdb.com/title/tt8579674/
93,Uri: The Surgical Strike,2019,8.3,53989,4,https://www.imdb.com/title/tt8291224/
94,Tumbbad,2018,8.3,38665,1,https://www.imdb.com/title/tt8239946/
95,K.G.F: Chapter 1,2018,8.3,49960,3,https://www.imdb.com/title/tt7838252/
96,Vikram Vedha,2017,8.3,34931,2,https://www.imdb.com/title/tt6148156/
97,Drishyam,2013,8.3,38742,1,https://www.imdb.com/title/tt3417422/
98,The Hunt,2012,8.3,308932,2,https://www.imdb.com/title/tt2106476/
99,A Separation,2011,8.3,234459,2,https://www.imdb.com/title/tt1832382/
100,Incendies,2010,8.3,166148,1,https://www.imdb.com/title/tt1255953/
101,The Father,2020,8.3,110489,2,https://www.imdb.com/title/tt10272386/
102,Inglourious Basterds,2009,8.3,1352850,2,https://www.imdb.com/title/tt0361748/
103,Eternal Sunshine of the Spotless Mind,2004,8.3,958487,6,https://www.imdb.com/title/tt0338013/
104,Amélie,2001,8.3,730753,1,https://www.imdb.com/title/tt0211915/
105,Requiem for a Dream,2000,8.3,803294,4,https://www.imdb.com/title/tt0180093/
106,American Beauty,1999,8.3,1113575,2,https://www.imdb.com/title/tt0169547/
107,Good Will Hunting,1997,8.3,912783,3,https://www.imdb.com/title/tt0119217/
108,Children of Heaven,1997,8.3,71390,3,https://www.imdb.com/title/tt0118849/
109,Toy Story,1995,8.3,938013,2,https://www.imdb.com/title/tt0114709/
110,Braveheart,1995,8.3,997072,1,https://www.imdb.com/title/tt0112573/
111,Reservoir Dogs,1992,8.3,968593,2,https://www.imdb.com/title/tt0105236/
112,Full Metal Jacket,1987,8.3,708773,3,https://www.imdb.com/title/tt0093058/
113,Come and See,1985,8.3,70209,3,https://www.imdb.com/title/tt0091251/
114,Aliens,1986,8.3,686138,1,https://www.imdb.com/title/tt0090605/
115,Once Upon a Time in America,1984,8.3,334016,6,https://www.imdb.com/title/tt0087843/
116,Amadeus,1984,8.3,385930,1,https://www.imdb.com/title/tt0086879/
117,Scarface,1983,8.3,788638,1,https://www.imdb.com/title/tt0086250/
118,Star Wars: Episode VI - Return of the Jedi,1983,8.3,997014,9,https://www.imdb.com/title/tt0086190/
119,Das Boot,1981,8.3,242743,2,https://www.imdb.com/title/tt0082096/
120,Dersu Uzala,1975,8.3,26284,2,https://www.imdb.com/title/tt0071411/
121,The Sting,1973,8.3,252752,2,https://www.imdb.com/title/tt0070735/
122,A Clockwork Orange,1971,8.3,793849,3,https://www.imdb.com/title/tt0066921/
123,2001: A Space Odyssey,1968,8.3,637296,4,https://www.imdb.com/title/tt0062622/
124,Lawrence of Arabia,1962,8.3,282321,3,https://www.imdb.com/title/tt0056172/
125,The Apartment,1960,8.3,174080,2,https://www.imdb.com/title/tt0053604/
126,North by Northwest,1959,8.3,315399,3,https://www.imdb.com/title/tt0053125/
127,Vertigo,1958,8.3,386545,1,https://www.imdb.com/title/tt0052357/
128,Singin' in the Rain,1952,8.3,231255,4,https://www.imdb.com/title/tt0045152/
129,Ikiru,1952,8.3,74759,1,https://www.imdb.com/title/tt0044741/
130,Bicycle Thieves,1948,8.3,157425,2,https://www.imdb.com/title/tt0040522/
131,Double Indemnity,1944,8.3,151444,2,https://www.imdb.com/title/tt0036775/
132,Citizen Kane,1941,8.3,426487,2,https://www.imdb.com/title/tt0033467/
133,M,1931,8.3,152251,1,https://www.imdb.com/title/tt0022100/
134,Metropolis,1927,8.3,168455,1,https://www.imdb.com/title/tt0017136/
135,The Kid,1921,8.3,121523,2,https://www.imdb.com/title/tt0012349/
136,Andhadhun,2018,8.2,85236,1,https://www.imdb.com/title/tt8108198/
137,Green Book,2018,8.2,438237,2,https://www.imdb.com/title/tt6966692/
138,A Silent Voice: The Movie,2016,8.2,67321,5,https://www.imdb.com/title/tt5323662/
139,Talvar,2015,8.2,33796,1,https://www.imdb.com/title/tt4934950/
140,Baahubali 2: The Conclusion,2017,8.2,82546,4,https://www.imdb.com/title/tt4849438/
141,Klaus,2019,8.2,126944,1,https://www.imdb.com/title/tt4729430/
142,Masaan,2015,8.2,26543,1,https://www.imdb.com/title/tt4635372/
143,Drishyam,2015,8.2,77697,1,https://www.imdb.com/title/tt4430212/
144,Queen,2013,8.2,64141,1,https://www.imdb.com/title/tt3322420/
145,Tangerines,2013,8.2,44766,1,https://www.imdb.com/title/tt2991224/
146,Bhaag Milkha Bhaag,2013,8.2,65435,3,https://www.imdb.com/title/tt2356180/
147,Gangs of Wasseypur,2012,8.2,91190,3,https://www.imdb.com/title/tt1954470/
148,Udaan,2010,8.2,44195,1,https://www.imdb.com/title/tt1639426/
149,Paan Singh Tomar,2012,8.2,35238,3,https://www.imdb.com/title/tt1620933/
150,Zindagi Na Milegi Dobara,2011,8.2,73840,4,https://www.imdb.com/title/tt1562872/
151,The Secret in Their Eyes,2009,8.2,202825,5,https://www.imdb.com/title/tt1305806/
152,Dune,2021,8.2,390289,1,https://www.imdb.com/title/tt1160419/
153,Shutter Island,2010,8.2,1216394,2,https://www.imdb.com/title/tt1130884/
154,Demon Slayer: Mugen Train,2020,8.2,41055,4,https://www.imdb.com/title/tt11032374/
155,Up,2009,8.2,987136,1,https://www.imdb.com/title/tt1049413/
156,Miracle in Cell No. 7,2019,8.2,43885,5,https://www.imdb.com/title/tt10431500/
157,Article 15,2019,8.2,28620,2,https://www.imdb.com/title/tt10324144/
158,The Wolf of Wall Street,2013,8.2,1289862,5,https://www.imdb.com/title/tt0993846/
159,Chak De! India,2007,8.2,77987,3,https://www.imdb.com/title/tt0871510/
160,My Father and My Son,2005,8.2,83921,5,https://www.imdb.com/title/tt0476735/
161,There Will Be Blood,2007,8.2,552672,4,https://www.imdb.com/title/tt0469494/
162,Pan's Labyrinth,2006,8.2,644441,2,https://www.imdb.com/title/tt0457430/
163,Toy Story 3,2010,8.2,794476,3,https://www.imdb.com/title/tt0435761/
164,Black,2005,8.2,34378,1,https://www.imdb.com/title/tt0375611/
165,Batman Begins,2005,8.2,1375940,2,https://www.imdb.com/title/tt0372784/
166,Swades,2004,8.2,87738,1,https://www.imdb.com/title/tt0367110/
167,Downfall,2004,8.2,344413,1,https://www.imdb.com/title/tt0363163/
168,Howl's Moving Castle,2004,8.2,364505,3,https://www.imdb.com/title/tt0347149/
169,A Beautiful Mind,2001,8.2,890572,3,https://www.imdb.com/title/tt0268978/
170,Hera Pheri,2000,8.2,63106,2,https://www.imdb.com/title/tt0242519/
171,Snatch,2000,8.2,820066,1,https://www.imdb.com/title/tt0208092/
172,"Lock, Stock and Two Smoking Barrels",1998,8.2,560571,6,https://www.imdb.com/title/tt0120735/
173,L.A. Confidential,1997,8.2,558701,2,https://www.imdb.com/title/tt0119488/
174,The Bandit,1996,8.2,68391,2,https://www.imdb.com/title/tt0116231/
175,Heat,1995,8.2,616932,1,https://www.imdb.com/title/tt0113277/
176,Casino,1995,8.2,493831,1,https://www.imdb.com/title/tt0112641/
177,Unforgiven,1992,8.2,396028,1,https://www.imdb.com/title/tt0105695/
178,Indiana Jones and the Last Crusade,1989,8.2,724083,6,https://www.imdb.com/title/tt0097576/
179,My Neighbor Totoro,1988,8.2,316219,3,https://www.imdb.com/title/tt0096283/
180,Die Hard,1988,8.2,831664,2,https://www.imdb.com/title/tt0095016/
181,Ran,1985,8.2,120767,1,https://www.imdb.com/title/tt0089881/
182,Raging Bull,1980,8.2,338993,2,https://www.imdb.com/title/tt0081398/
183,Autumn Sonata,1978,8.2,32273,2,https://www.imdb.com/title/tt0077711/
184,Taxi Driver,1976,8.2,771871,2,https://www.imdb.com/title/tt0075314/
185,The Message,1976,8.2,46107,2,https://www.imdb.com/title/tt0074896/
186,Sholay,1975,8.2,54126,1,https://www.imdb.com/title/tt0073707/
187,Monty Python and the Holy Grail,1975,8.2,522307,6,https://www.imdb.com/title/tt0071853/
188,Chinatown,1974,8.2,312839,1,https://www.imdb.com/title/tt0071315/
189,Anand,1971,8.2,33056,1,https://www.imdb.com/title/tt0066763/
190,Z,1969,8.2,26668,1,https://www.imdb.com/title/tt0065234/
191,For a Few Dollars More,1965,8.2,246186,5,https://www.imdb.com/title/tt0059578/
192,The Great Escape,1963,8.2,235909,3,https://www.imdb.com/title/tt0057115/
193,To Kill a Mockingbird,1962,8.2,306652,4,https://www.imdb.com/title/tt0056592/
194,Yojimbo,1961,8.2,118493,1,https://www.imdb.com/title/tt0055630/
195,Judgment at Nuremberg,1961,8.2,74498,3,https://www.imdb.com/title/tt0055031/
196,Some Like It Hot,1959,8.2,256731,4,https://www.imdb.com/title/tt0053291/
197,Wild Strawberries,1957,8.2,103388,2,https://www.imdb.com/title/tt0050986/
198,The Seventh Seal,1957,8.2,177651,3,https://www.imdb.com/title/tt0050976/
199,Dial M for Murder,1954,8.2,168681,4,https://www.imdb.com/title/tt0046912/
200,Tokyo Story,1953,8.2,58607,2,https://www.imdb.com/title/tt0046438/
201,Rashomon,1950,8.2,161912,1,https://www.imdb.com/title/tt0042876/
202,All About Eve,1950,8.2,127178,3,https://www.imdb.com/title/tt0042192/
203,The Treasure of the Sierra Madre,1948,8.2,120896,6,https://www.imdb.com/title/tt0040897/
204,To Be or Not to Be,1942,8.2,34562,6,https://www.imdb.com/title/tt0035446/
205,The Gold Rush,1925,8.2,107523,3,https://www.imdb.com/title/tt0015864/
206,Sherlock Jr.,1924,8.2,46793,2,https://www.imdb.com/title/tt0015324/
207,Portrait of a Lady on Fire,2019,8.1,80587,6,https://www.imdb.com/title/tt8613070/
208,Pink,2016,8.1,43079,1,https://www.imdb.com/title/tt5571734/
209,"Three Billboards Outside Ebbing, Missouri",2017,8.1,474045,5,https://www.imdb.com/title/tt5027774/
210,The Invisible Guest,2016,8.1,164023,3,https://www.imdb.com/title/tt4857264/
211,The Handmaiden,2016,8.1,131621,2,https://www.imdb.com/title/tt4016934/
212,Mommy,2014,8.1,54644,1,https://www.imdb.com/title/tt3612616/
213,Haider,2014,8.1,52650,1,https://www.imdb.com/title/tt3390572/
214,Logan,2017,8.1,701009,1,https://www.imdb.com/title/tt3315342/
215,Room,2015,8.1,397708,1,https://www.imdb.com/title/tt3170832/
216,Wild Tales,2014,8.1,189149,2,https://www.imdb.com/title/tt3011894/
217,Soul,2020,8.1,288501,1,https://www.imdb.com/title/tt2948372/
218,Winter Sleep,2014,8.1,50044,2,https://www.imdb.com/title/tt2758880/
219,PK,2014,8.1,174388,1,https://www.imdb.com/title/tt2338151/
220,OMG: Oh My God!,2012,8.1,55943,4,https://www.imdb.com/title/tt2283748/
221,The Grand Budapest Hotel,2014,8.1,757624,4,https://www.imdb.com/title/tt2278388/
222,Gone Girl,2014,8.1,922816,2,https://www.imdb.com/title/tt2267998/
223,Wolf Children,2012,8.1,42411,2,https://www.imdb.com/title/tt2140203/
224,Hacksaw Ridge,2016,8.1,477824,2,https://www.imdb.com/title/tt2119532/
225,Inside Out,2015,8.1,663921,2,https://www.imdb.com/title/tt2096673/
226,Barfi!,2012,8.1,79439,1,https://www.imdb.com/title/tt2082197/
227,12 Years a Slave,2013,8.1,671298,4,https://www.imdb.com/title/tt2024544/
228,Rush,2013,8.1,457802,1,https://www.imdb.com/title/tt1979320/
229,Ford v Ferrari,2019,8.1,345736,3,https://www.imdb.com/title/tt1950186/
230,Spotlight,2015,8.1,448107,1,https://www.imdb.com/title/tt1895587/
231,Song of the Sea,2014,8.1,56027,4,https://www.imdb.com/title/tt1865505/
232,Kahaani,2012,8.1,61132,1,https://www.imdb.com/title/tt1821480/
233,Prisoners,2013,8.1,651645,1,https://www.imdb.com/title/tt1392214/
234,Mad Max: Fury Road,2015,8.1,941650,4,https://www.imdb.com/title/tt1392190/
235,Warrior,2011,8.1,453804,1,https://www.imdb.com/title/tt1291584/
236,A Wednesday,2008,8.1,76888,2,https://www.imdb.com/title/tt1280558/
237,Zack Snyder's Justice League,2021,8.1,349675,4,https://www.imdb.com/title/tt12361974/
238,Gran Torino,2008,8.1,748580,2,https://www.imdb.com/title/tt1205489/
239,Harry Potter and the Deathly Hallows: Part 2,2011,8.1,815171,8,https://www.imdb.com/title/tt1201607/
240,Departures,2008,8.1,50832,1,https://www.imdb.com/title/tt1069238/
241,CODA,2021,8.1,27756,1,https://www.imdb.com/title/tt10366460/
242,Hachi: A Dog's Tale,2009,8.1,269937,4,https://www.imdb.com/title/tt1028532/
243,Mary and Max,2009,8.1,172121,3,https://www.imdb.com/title/tt0978762/
244,How to Train Your Dragon,2010,8.1,701482,5,https://www.imdb.com/title/tt0892769/
245,Into the Wild,2007,8.1,600314,3,https://www.imdb.com/title/tt0758758/
246,No Country for Old Men,2007,8.1,914225,5,https://www.imdb.com/title/tt0477348/
247,"Carry On, Munna Bhai",2006,8.1,45640,4,https://www.imdb.com/title/tt0456144/
248,V for Vendetta,2005,8.1,1078630,3,https://www.imdb.com/title/tt0434409/
249,Nobody Knows,2004,8.1,26720,2,https://www.imdb.com/title/tt0408664/
250,Rang De Basanti,2006,8.1,117091,3,https://www.imdb.com/title/tt0405508/
251,Million Dollar Baby,2004,8.1,663378,3,https://www.imdb.com/title/tt0405159/
252,Hotel Rwanda,2004,8.1,346040,2,https://www.imdb.com/title/tt0395169/
253,Before Sunset,2004,8.1,250916,2,https://www.imdb.com/title/tt0381681/
254,Munna Bhai M.B.B.S.,2003,8.1,78684,3,https://www.imdb.com/title/tt0374887/
255,Memories of Murder,2003,8.1,163820,3,https://www.imdb.com/title/tt0353969/
256,Dil Chahta Hai,2001,8.1,70212,3,https://www.imdb.com/title/tt0292490/
257,Kill Bill: Vol. 1,2003,8.1,1058815,4,https://www.imdb.com/title/tt0266697/
258,Finding Nemo,2003,8.1,994006,2,https://www.imdb.com/title/tt0266543/
259,Catch Me If You Can,2002,8.1,903640,5,https://www.imdb.com/title/tt0264464/
260,Amores perros,2000,8.1,233809,2,https://www.imdb.com/title/tt0245712/
261,"Monsters, Inc.",2001,8.1,860691,2,https://www.imdb.com/title/tt0198781/
262,Neon Genesis Evangelion: The End of Evangelion,1997,8.1,48593,7,https://www.imdb.com/title/tt0169858/
263,Lagaan: Once Upon a Time in India,2001,8.1,110186,7,https://www.imdb.com/title/tt0169102/
264,The Sixth Sense,1999,8.1,950744,3,https://www.imdb.com/title/tt0167404/
265,The Celebration,1998,8.1,84211,2,https://www.imdb.com/title/tt0154420/
266,The Legend of 1900,1998,8.1,62111,4,https://www.imdb.com/title/tt0120731/
267,The Truman Show,1998,8.1,1003724,3,https://www.imdb.com/title/tt0120382/
268,"Black Cat, White Cat",1998,8.1,52729,4,https://www.imdb.com/title/tt0118843/
269,The Big Lebowski,1998,8.1,774040,3,https://www.imdb.com/title/tt0118715/
270,In the Mood for Love,2000,8.1,139621,5,https://www.imdb.com/title/tt0118694/
271,Trainspotting,1996,8.1,661883,1,https://www.imdb.com/title/tt0117951/
272,Fargo,1996,8.1,649801,1,https://www.imdb.com/title/tt0116282/
273,Underground,1995,8.1,57300,1,https://www.imdb.com/title/tt0114787/
274,La Haine,1995,8.1,162740,2,https://www.imdb.com/title/tt0113247/
275,Dilwale Dulhania Le Jayenge,1995,8.1,67024,4,https://www.imdb.com/title/tt0112870/
276,Before Sunrise,1995,8.1,290667,2,https://www.imdb.com/title/tt0112471/
277,Three Colors: Red,1994,8.1,99498,3,https://www.imdb.com/title/tt0111495/
278,Chungking Express,1994,8.1,73661,2,https://www.imdb.com/title/tt0109424/
279,Andaz Apna Apna,1994,8.1,52146,3,https://www.imdb.com/title/tt0109117/
280,Jurassic Park,1993,8.1,920643,2,https://www.imdb.com/title/tt0107290/
281,In the Name of the Father,1993,8.1,167680,6,https://www.imdb.com/title/tt0107207/
282,Farewell My Concubine,1993,8.1,27195,3,https://www.imdb.com/title/tt0106332/
283,Raise the Red Lantern,1991,8.1,31535,4,https://www.imdb.com/title/tt0101640/
284,Time of the Gypsies,1988,8.1,29809,4,https://www.imdb.com/title/tt0097223/
285,Dead Poets Society,1989,8.1,456229,3,https://www.imdb.com/title/tt0097165/
286,The Princess Bride,1987,8.1,413308,3,https://www.imdb.com/title/tt0093779/
287,Stand by Me,1986,8.1,383769,3,https://www.imdb.com/title/tt0092005/
288,Platoon,1986,8.1,398720,1,https://www.imdb.com/title/tt0091763/
289,"Paris, Texas",1984,8.1,100970,2,https://www.imdb.com/title/tt0087884/
290,Nausicaä of the Valley of the Wind,1984,8.1,162131,7,https://www.imdb.com/title/tt0087544/
291,Nostalghia,1983,8.1,25827,1,https://www.imdb.com/title/tt0086022/
292,The Thing,1982,8.1,398891,2,https://www.imdb.com/title/tt0084787/
293,Fitzcarraldo,1982,8.1,33757,1,https://www.imdb.com/title/tt0083946/
294,Fanny and Alexander,1982,8.1,61666,3,https://www.imdb.com/title/tt0083922/
295,Blade Runner,1982,8.1,732097,2,https://www.imdb.com/title/tt0083658/
296,The Elephant Man,1980,8.1,232714,3,https://www.imdb.com/title/tt0080678/
297,Stalker,1979,8.1,128193,1,https://www.imdb.com/title/tt0079944/
298,Life of Brian,1979,8.1,385196,3,https://www.imdb.com/title/tt0079470/
299,The Deer Hunter,1978,8.1,327512,3,https://www.imdb.com/title/tt0077416/
300,Rocky,1976,8.1,546160,1,https://www.imdb.com/title/tt0075148/
301,Network,1976,8.1,153705,1,https://www.imdb.com/title/tt0074958/
302,Barry Lyndon,1975,8.1,160314,2,https://www.imdb.com/title/tt0072684/
303,Mirror,1975,8.1,44156,1,https://www.imdb.com/title/tt0072443/
304,Paper Moon,1973,8.1,45121,2,https://www.imdb.com/title/tt0070510/
305,Cries & Whispers,1972,8.1,32798,3,https://www.imdb.com/title/tt0069467/
306,Le Samouraï,1967,8.1,49122,2,https://www.imdb.com/title/tt0062229/
307,Cool Hand Luke,1967,8.1,171536,3,https://www.imdb.com/title/tt0061512/
308,Persona,1966,8.1,112369,1,https://www.imdb.com/title/tt0060827/
309,Andrei Rublev,1966,8.1,51583,2,https://www.imdb.com/title/tt0060107/
310,The Battle of Algiers,1966,8.1,57574,4,https://www.imdb.com/title/tt0058946/
311,The Exterminating Angel,1962,8.1,32181,3,https://www.imdb.com/title/tt0056732/
312,What Ever Happened to Baby Jane?,1962,8.1,53580,6,https://www.imdb.com/title/tt0056687/
313,Sanjuro,1962,8.1,37023,1,https://www.imdb.com/title/tt0056443/
314,The Man Who Shot Liberty Valance,1962,8.1,73364,6,https://www.imdb.com/title/tt0056217/
315,Ivan's Childhood,1962,8.1,34838,2,https://www.imdb.com/title/tt0056111/
316,The Virgin Spring,1960,8.1,28320,3,https://www.imdb.com/title/tt0053976/
317,Inherit the Wind,1960,8.1,29276,3,https://www.imdb.com/title/tt0053946/
318,The 400 Blows,1959,8.1,112784,3,https://www.imdb.com/title/tt0053198/
319,Ben-Hur,1959,8.1,230523,1,https://www.imdb.com/title/tt0052618/
320,The Hidden Fortress,1958,8.1,37695,3,https://www.imdb.com/title/tt0051808/
321,Nights of Cabiria,1957,8.1,46827,3,https://www.imdb.com/title/tt0050783/
322,Throne of Blood,1957,8.1,50319,3,https://www.imdb.com/title/tt0050613/
323,The Bridge on the River Kwai,1957,8.1,213033,6,https://www.imdb.com/title/tt0050212/
324,Rififi,1955,8.1,33024,1,https://www.imdb.com/title/tt0048021/
325,On the Waterfront,1954,8.1,149849,3,https://www.imdb.com/title/tt0047296/
326,Diabolique,1955,8.1,64475,1,https://www.imdb.com/title/tt0046911/
327,The Wages of Fear,1953,8.1,58830,4,https://www.imdb.com/title/tt0046268/
328,Ace in the Hole,1951,8.1,34399,4,https://www.imdb.com/title/tt0043338/
329,White Heat,1949,8.1,31844,2,https://www.imdb.com/title/tt0042041/
330,The Third Man,1949,8.1,166744,3,https://www.imdb.com/title/tt0041959/
331,The Red Shoes,1948,8.1,33459,3,https://www.imdb.com/title/tt0040725/
332,"Rome, Open City",1945,8.1,25445,3,https://www.imdb.com/title/tt0038890/
333,The Best Years of Our Lives,1946,8.1,61491,6,https://www.imdb.com/title/tt0036868/
334,The Shop Around the Corner,1940,8.1,31086,5,https://www.imdb.com/title/tt0033045/
335,Rebecca,1940,8.1,132426,1,https://www.imdb.com/title/tt0032976/
336,The Grapes of Wrath,1940,8.1,89982,4,https://www.imdb.com/title/tt0032551/
337,Mr. Smith Goes to Washington,1939,8.1,112379,5,https://www.imdb.com/title/tt0031679/
338,Gone with the Wind,1939,8.1,303996,4,https://www.imdb.com/title/tt0031381/
339,La Grande Illusion,1937,8.1,35624,3,https://www.imdb.com/title/tt0028950/
340,It Happened One Night,1934,8.1,99903,4,https://www.imdb.com/title/tt0025316/
341,All Quiet on the Western Front,1930,8.1,59869,6,https://www.imdb.com/title/tt0020629/
342,The Passion of Joan of Arc,1928,8.1,52128,6,https://www.imdb.com/title/tt0019254/
343,The Circus,1928,8.1,32623,2,https://www.imdb.com/title/tt0018773/
344,Sunrise,1927,8.1,49958,1,https://www.imdb.com/title/tt0018455/
345,The General,1926,8.1,87847,2,https://www.imdb.com/title/tt0017925/
346,The Cabinet of Dr. Caligari,1920,8.1,61228,5,https://www.imdb.com/title/tt0010323/
347,Badhaai Ho,2018,8.0,31877,2,https://www.imdb.com/title/tt7725596/
348,Super 30,2019,8.0,27780,2,https://www.imdb.com/title/tt7485048/
349,Wolfwalkers,2020,8.0,27261,1,https://www.imdb.com/title/tt5198068/
350,Togo,2019,8.0,44368,1,https://www.imdb.com/title/tt5116302/
351,Airlift,2016,8.0,55598,1,https://www.imdb.com/title/tt4387040/
352,M.S. Dhoni: The Untold Story,2016,8.0,49406,5,https://www.imdb.com/title/tt4169250/
353,Bajrangi Bhaijaan,2015,8.0,82437,2,https://www.imdb.com/title/tt3863552/
354,Baby,2015,8.0,56043,1,https://www.imdb.com/title/tt3848892/
355,La La Land,2016,8.0,546594,3,https://www.imdb.com/title/tt3783958/
356,Lion,2016,8.0,227050,1,https://www.imdb.com/title/tt3741834/
357,The Martian,2015,8.0,806824,2,https://www.imdb.com/title/tt3659388/
358,Zootopia,2016,8.0,465311,1,https://www.imdb.com/title/tt2948356/
359,Baahubali: The Beginning,2015,8.0,109816,3,https://www.imdb.com/title/tt2631186/
360,The Tale of The Princess Kaguya,2013,8.0,43375,6,https://www.imdb.com/title/tt2576852/
361,Wonder,2017,8.0,155269,1,https://www.imdb.com/title/tt2543472/
362,Special 26,2013,8.0,54384,2,https://www.imdb.com/title/tt2377938/
363,Short Term 12,2013,8.0,85738,3,https://www.imdb.com/title/tt2370248/
364,The Raid 2,2014,8.0,119544,3,https://www.imdb.com/title/tt2265171/
365,The Imitation Game,2014,8.0,727208,3,https://www.imdb.com/title/tt2084970/
366,Guardians of the Galaxy,2014,8.0,1108831,4,https://www.imdb.com/title/tt2015381/
367,Blade Runner 2049,2017,8.0,518703,3,https://www.imdb.com/title/tt1856101/
368,Her,2013,8.0,575352,1,https://www.imdb.com/title/tt1798709/
369,The Revenant,2015,8.0,754199,2,https://www.imdb.com/title/tt1663202/
370,Elite Squad 2: The Enemy Within,2010,8.0,81579,6,https://www.imdb.com/title/tt1555149/
371,The King's Speech,2010,8.0,660918,3,https://www.imdb.com/title/tt1504320/
372,The Help,2011,8.0,442221,2,https://www.imdb.com/title/tt1454029/
373,Deadpool,2016,8.0,964513,1,https://www.imdb.com/title/tt1431045/
374,Darbareye Elly,2009,8.0,50805,2,https://www.imdb.com/title/tt1360860/
375,Dev.D,2009,8.0,30026,1,https://www.imdb.com/title/tt1327035/
376,Ip Man,2008,8.0,218595,2,https://www.imdb.com/title/tt1220719/
377,My Name Is Khan,2010,8.0,103478,4,https://www.imdb.com/title/tt1188996/
378,Nefes: Vatan Sagolsun,2009,8.0,33023,3,https://www.imdb.com/title/tt1171701/
379,Slumdog Millionaire,2008,8.0,822751,2,https://www.imdb.com/title/tt1010048/
380,Black Swan,2010,8.0,731332,2,https://www.imdb.com/title/tt0947798/
381,Elite Squad,2007,8.0,101437,2,https://www.imdb.com/title/tt0861739/
382,The Avengers,2012,8.0,1322288,2,https://www.imdb.com/title/tt0848228/
383,Persepolis,2007,8.0,92453,1,https://www.imdb.com/title/tt0808417/
384,Dallas Buyers Club,2013,8.0,466456,3,https://www.imdb.com/title/tt0790636/
385,The Pursuit of Happyness,2006,8.0,480523,4,https://www.imdb.com/title/tt0454921/
386,Blood Diamond,2006,8.0,524935,2,https://www.imdb.com/title/tt0450259/
387,The Bourne Ultimatum,2007,8.0,620129,3,https://www.imdb.com/title/tt0440963/
388,3-Iron,2004,8.0,53547,1,https://www.imdb.com/title/tt0423866/
389,Sin City,2005,8.0,753170,2,https://www.imdb.com/title/tt0401792/
390,The Diving Bell and the Butterfly,2007,8.0,106160,6,https://www.imdb.com/title/tt0401383/
391,Tae Guk Gi: The Brotherhood of War,2004,8.0,39077,7,https://www.imdb.com/title/tt0386064/
392,G.O.R.A.,2004,8.0,60345,1,https://www.imdb.com/title/tt0384116/
393,Ratatouille,2007,8.0,677838,1,https://www.imdb.com/title/tt0382932/
394,Casino Royale,2006,8.0,630939,2,https://www.imdb.com/title/tt0381061/
395,Kill Bill: Vol. 2,2004,8.0,721662,4,https://www.imdb.com/title/tt0378194/
396,The Return,2003,8.0,44566,2,https://www.imdb.com/title/tt0376968/
397,"Spring, Summer, Fall, Winter... and Spring",2003,8.0,81048,6,https://www.imdb.com/title/tt0374546/
398,The Sea Inside,2004,8.0,80233,3,https://www.imdb.com/title/tt0369702/
399,Cinderella Man,2005,8.0,182737,2,https://www.imdb.com/title/tt0352248/
400,Infernal Affairs,2002,8.0,122102,2,https://www.imdb.com/title/tt0338564/
401,Pirates of the Caribbean: The Curse of the Black Pearl,2003,8.0,1053925,10,https://www.imdb.com/title/tt0325980/
402,Big Fish,2003,8.0,429987,2,https://www.imdb.com/title/tt0319061/
403,The Incredibles,2004,8.0,688198,2,https://www.imdb.com/title/tt0317705/
404,My Sassy Girl,2001,8.0,47150,3,https://www.imdb.com/title/tt0293715/
405,Dogville,2003,8.0,144577,1,https://www.imdb.com/title/tt0276919/
406,Vizontele,2001,8.0,35557,1,https://www.imdb.com/title/tt0270053/
407,Donnie Darko,2001,8.0,770701,2,https://www.imdb.com/title/tt0246578/
408,Magnolia,1999,8.0,302341,1,https://www.imdb.com/title/tt0175880/
409,Dancer in the Dark,2000,8.0,106859,4,https://www.imdb.com/title/tt0168629/
410,The Straight Story,1999,8.0,87840,3,https://www.imdb.com/title/tt0166896/
411,Perfect Blue,1997,8.0,67911,2,https://www.imdb.com/title/tt0156887/
412,Central Station,1998,8.0,38564,2,https://www.imdb.com/title/tt0140888/
413,The Iron Giant,1999,8.0,183101,3,https://www.imdb.com/title/tt0129167/
414,Sling Blade,1996,8.0,91906,2,https://www.imdb.com/title/tt0117666/
415,Secrets & Lies,1996,8.0,41714,3,https://www.imdb.com/title/tt0117589/
416,12 Monkeys,1995,8.0,600175,2,https://www.imdb.com/title/tt0114746/
417,Ghost in the Shell,1995,8.0,137338,4,https://www.imdb.com/title/tt0113568/
418,The Nightmare Before Christmas,1993,8.0,319712,4,https://www.imdb.com/title/tt0107688/
419,Groundhog Day,1993,8.0,600159,2,https://www.imdb.com/title/tt0107048/
420,"Blood In, Blood Out",1993,8.0,30332,4,https://www.imdb.com/title/tt0106469/
421,Scent of a Woman,1992,8.0,282161,4,https://www.imdb.com/title/tt0105323/
422,Aladdin,1992,8.0,390840,1,https://www.imdb.com/title/tt0103639/
423,JFK,1991,8.0,150131,1,https://www.imdb.com/title/tt0102138/
424,Beauty and the Beast,1991,8.0,431601,4,https://www.imdb.com/title/tt0101414/
425,Dances with Wolves,1990,8.0,252940,3,https://www.imdb.com/title/tt0099348/
426,Do the Right Thing,1989,8.0,97875,4,https://www.imdb.com/title/tt0097216/
427,Rain Man,1988,8.0,494091,2,https://www.imdb.com/title/tt0095953/
428,Akira,1988,8.0,176608,1,https://www.imdb.com/title/tt0094625/
429,Wings of Desire,1987,8.0,68694,3,https://www.imdb.com/title/tt0093191/
430,Au Revoir les Enfants,1987,8.0,32919,4,https://www.imdb.com/title/tt0092593/
431,Castle in the Sky,1986,8.0,159351,4,https://www.imdb.com/title/tt0092067/
432,The Sacrifice,1986,8.0,27013,2,https://www.imdb.com/title/tt0091670/
433,The Terminator,1984,8.0,826405,2,https://www.imdb.com/title/tt0088247/
434,Pink Floyd: The Wall,1982,8.0,79079,4,https://www.imdb.com/title/tt0084503/
435,Gandhi,1982,8.0,224642,1,https://www.imdb.com/title/tt0083987/
436,Kagemusha,1980,8.0,34565,1,https://www.imdb.com/title/tt0080979/
437,Being There,1979,8.0,70463,2,https://www.imdb.com/title/tt0078841/
438,Annie Hall,1977,8.0,259582,2,https://www.imdb.com/title/tt0075686/
439,All the President's Men,1976,8.0,110789,4,https://www.imdb.com/title/tt0074119/
440,Jaws,1975,8.0,570234,1,https://www.imdb.com/title/tt0073195/
441,Dog Day Afternoon,1975,8.0,247968,3,https://www.imdb.com/title/tt0072890/
442,Young Frankenstein,1974,8.0,153101,2,https://www.imdb.com/title/tt0072431/
443,Papillon,1973,8.0,127194,1,https://www.imdb.com/title/tt0070511/
444,The Exorcist,1973,8.0,382233,2,https://www.imdb.com/title/tt0070047/
445,Solaris,1972,8.0,87790,1,https://www.imdb.com/title/tt0069293/
446,Sleuth,1972,8.0,46766,1,https://www.imdb.com/title/tt0069281/
447,The Last Picture Show,1971,8.0,45550,4,https://www.imdb.com/title/tt0067328/
448,Fiddler on the Roof,1971,8.0,41950,4,https://www.imdb.com/title/tt0067093/
449,The Conformist,1970,8.0,29257,2,https://www.imdb.com/title/tt0065571/
450,Butch Cassidy and the Sundance Kid,1969,8.0,210485,6,https://www.imdb.com/title/tt0064115/
451,Rosemary's Baby,1968,8.0,206504,2,https://www.imdb.com/title/tt0063522/
452,Planet of the Apes,1968,8.0,173874,4,https://www.imdb.com/title/tt0063442/
453,The Graduate,1967,8.0,265355,2,https://www.imdb.com/title/tt0061722/
454,Who's Afraid of Virginia Woolf?,1966,8.0,73283,5,https://www.imdb.com/title/tt0061184/
455,The Sound of Music,1965,8.0,218275,4,https://www.imdb.com/title/tt0059742/
456,Doctor Zhivago,1965,8.0,73583,2,https://www.imdb.com/title/tt0059113/
457,A Fistful of Dollars,1964,8.0,209031,4,https://www.imdb.com/title/tt0058461/
458,8½,1963,8.0,114539,1,https://www.imdb.com/title/tt0056801/
459,Vivre Sa Vie,1962,8.0,30408,3,https://www.imdb.com/title/tt0056663/
460,The Hustler,1961,8.0,79924,2,https://www.imdb.com/title/tt0054997/
461,La Dolce Vita,1960,8.0,70622,3,https://www.imdb.com/title/tt0053779/
462,Rio Bravo,1959,8.0,59926,2,https://www.imdb.com/title/tt0053221/
463,Anatomy of a Murder,1959,8.0,64111,4,https://www.imdb.com/title/tt0052561/
464,Touch of Evil,1958,8.0,102235,3,https://www.imdb.com/title/tt0052311/
465,Cat on a Hot Tin Roof,1958,8.0,47815,6,https://www.imdb.com/title/tt0051459/
466,Sweet Smell of Success,1957,8.0,30505,4,https://www.imdb.com/title/tt0051036/
467,The Killing,1956,8.0,86628,2,https://www.imdb.com/title/tt0049406/
468,The Night of the Hunter,1955,8.0,86432,5,https://www.imdb.com/title/tt0048424/
469,La Strada,1954,8.0,61429,2,https://www.imdb.com/title/tt0047528/
470,Stalag 17,1953,8.0,54546,2,https://www.imdb.com/title/tt0046359/
471,Roman Holiday,1953,8.0,134447,2,https://www.imdb.com/title/tt0046250/
472,High Noon,1952,8.0,101614,2,https://www.imdb.com/title/tt0044706/
473,A Streetcar Named Desire,1951,8.0,104937,4,https://www.imdb.com/title/tt0044081/
474,Strangers on a Train,1951,8.0,130399,4,https://www.imdb.com/title/tt0044079/
475,In a Lonely Place,1950,8.0,29881,4,https://www.imdb.com/title/tt0042593/
476,Kind Hearts and Coronets,1949,8.0,36403,4,https://www.imdb.com/title/tt0041546/
477,Rope,1948,8.0,137732,1,https://www.imdb.com/title/tt0040746/
478,Out of the Past,1947,8.0,35637,4,https://www.imdb.com/title/tt0039689/
479,Notorious,1946,8.0,98203,1,https://www.imdb.com/title/tt0038787/
480,Brief Encounter,1945,8.0,38563,2,https://www.imdb.com/title/tt0037558/
481,Laura,1944,8.0,45550,1,https://www.imdb.com/title/tt0037008/
482,Arsenic and Old Lace,1943,8.0,69205,4,https://www.imdb.com/title/tt0036613/
483,The Maltese Falcon,1941,8.0,154655,3,https://www.imdb.com/title/tt0033870/
484,The Wizard of Oz,1939,8.0,382527,4,https://www.imdb.com/title/tt0032138/
485,The Rules of the Game,1939,8.0,28201,5,https://www.imdb.com/title/tt0031885/
486,The Thin Man,1934,8.0,28391,3,https://www.imdb.com/title/tt0025878/
487,Battleship Potemkin,1925,8.0,56112,2,https://www.imdb.com/title/tt0015648/
488,Knives Out,2019,7.9,556731,2,https://www.imdb.com/title/tt8946378/
489,Shoplifters,2018,7.9,71188,1,https://www.imdb.com/title/tt8075192/
490,Marriage Story,2019,7.9,280451,2,https://www.imdb.com/title/tt7653254/
491,Hindi Medium,2017,7.9,26655,2,https://www.imdb.com/title/tt5764096/
492,Call Me by Your Name,2017,7.9,244158,5,https://www.imdb.com/title/tt5726616/
493,"I, Daniel Blake",2016,7.9,57746,3,https://www.imdb.com/title/tt5168192/
494,Hidden Figures,2016,7.9,215274,2,https://www.imdb.com/title/tt4846340/
495,Hunt for the Wilderpeople,2016,7.9,122586,4,https://www.imdb.com/title/tt4698684/
496,Captain Fantastic,2016,7.9,208344,2,https://www.imdb.com/title/tt3553976/
497,Sing Street,2016,7.9,90306,2,https://www.imdb.com/title/tt3544112/
498,Thor: Ragnarok,2017,7.9,662907,2,https://www.imdb.com/title/tt3501632/
499,Jojo Rabbit,2019,7.9,348521,2,https://www.imdb.com/title/tt2584384/
500,Arrival,2016,7.9,650965,1,https://www.imdb.com/title/tt2543164/
501,Gully Boy,2019,7.9,36450,2,https://www.imdb.com/title/tt2395469/
502,Before Midnight,2013,7.9,150509,2,https://www.imdb.com/title/tt2209418/
503,X-Men: Days of Future Past,2014,7.9,685249,5,https://www.imdb.com/title/tt1877832/
504,Once Upon a Time in Anatolia,2011,7.9,44982,6,https://www.imdb.com/title/tt1827487/
505,Bohemian Rhapsody,2018,7.9,497874,2,https://www.imdb.com/title/tt1727824/
506,The Perks of Being a Wallflower,2012,7.9,486984,6,https://www.imdb.com/title/tt1659337/
507,The Artist,2011,7.9,237144,2,https://www.imdb.com/title/tt1655442/
508,Edge of Tomorrow,2014,7.9,639848,3,https://www.imdb.com/title/tt1631867/
509,Amour,2012,7.9,97428,1,https://www.imdb.com/title/tt1602620/
510,A Prophet,2009,7.9,96876,2,https://www.imdb.com/title/tt1235166/
511,Let the Right One In,2008,7.9,211933,5,https://www.imdb.com/title/tt1139797/
512,District 9,2009,7.9,660305,2,https://www.imdb.com/title/tt1136608/
513,The Wrestler,2008,7.9,298694,2,https://www.imdb.com/title/tt1125849/
514,Jab We Met,2007,7.9,50779,3,https://www.imdb.com/title/tt1093370/
515,Boyhood,2014,7.9,346517,1,https://www.imdb.com/title/tt1065073/
516,"4 Months, 3 Weeks and 2 Days",2007,7.9,58903,7,https://www.imdb.com/title/tt1032846/
517,Star Trek,2009,7.9,592959,2,https://www.imdb.com/title/tt0796366/
518,In Bruges,2008,7.9,406801,2,https://www.imdb.com/title/tt0780536/
519,The Man from Earth,2007,7.9,182280,4,https://www.imdb.com/title/tt0756683/
520,Letters from Iwo Jima,2006,7.9,159232,4,https://www.imdb.com/title/tt0498380/
521,The Fall,2006,7.9,110351,2,https://www.imdb.com/title/tt0460791/
522,Life of Pi,2012,7.9,605568,3,https://www.imdb.com/title/tt0454876/
523,Fantastic Mr. Fox,2009,7.9,217139,3,https://www.imdb.com/title/tt0432283/
524,C.R.A.Z.Y.,2005,7.9,32177,1,https://www.imdb.com/title/tt0401085/
525,The Chorus,2004,7.9,60084,2,https://www.imdb.com/title/tt0372824/
526,Iron Man,2008,7.9,997278,2,https://www.imdb.com/title/tt0371746/
527,Shaun of the Dead,2004,7.9,536501,4,https://www.imdb.com/title/tt0365748/
528,Kal Ho Naa Ho,2003,7.9,66854,4,https://www.imdb.com/title/tt0347304/
529,Head-On,2004,7.9,53164,1,https://www.imdb.com/title/tt0347048/
530,Mystic River,2003,7.9,441217,2,https://www.imdb.com/title/tt0327056/
531,Harry Potter and the Prisoner of Azkaban,2004,7.9,589979,7,https://www.imdb.com/title/tt0304141/
532,Hero,2002,7.9,178501,1,https://www.imdb.com/title/tt0299977/
533,Millennium Actress,2001,7.9,26205,2,https://www.imdb.com/title/tt0291350/
534,Talk to Her,2002,7.9,109535,3,https://www.imdb.com/title/tt0287467/
535,No Man's Land,2001,7.9,46305,3,https://www.imdb.com/title/tt0283509/
536,Cowboy Bebop: The Movie,2001,7.9,46576,4,https://www.imdb.com/title/tt0275277/
537,The Bourne Identity,2002,7.9,529171,3,https://www.imdb.com/title/tt0258463/
538,Nine Queens,2000,7.9,51721,2,https://www.imdb.com/title/tt0247586/
539,Children of Men,2006,7.9,484097,3,https://www.imdb.com/title/tt0206634/
540,All About My Mother,1999,7.9,93758,4,https://www.imdb.com/title/tt0185125/
541,Almost Famous,2000,7.9,267390,2,https://www.imdb.com/title/tt0181875/
542,Mulholland Drive,2001,7.9,341319,2,https://www.imdb.com/title/tt0166924/
543,Shrek,2001,7.9,644731,1,https://www.imdb.com/title/tt0126029/
544,Toy Story 2,1999,7.9,553910,3,https://www.imdb.com/title/tt0120363/
545,Knockin' on Heaven's Door,1997,7.9,29292,4,https://www.imdb.com/title/tt0119472/
546,Boogie Nights,1997,7.9,253254,2,https://www.imdb.com/title/tt0118749/
547,Whisper of the Heart,1995,7.9,58110,4,https://www.imdb.com/title/tt0113824/
548,Once Were Warriors,1994,7.9,33070,3,https://www.imdb.com/title/tt0110729/
549,True Romance,1993,7.9,219095,2,https://www.imdb.com/title/tt0108399/
550,Three Colors: Blue,1993,7.9,97638,3,https://www.imdb.com/title/tt0108394/
551,Ninja Scroll,1993,7.9,36320,2,https://www.imdb.com/title/tt0107692/
552,Carlito's Way,1993,7.9,210622,2,https://www.imdb.com/title/tt0106519/
553,Edward Scissorhands,1990,7.9,467923,2,https://www.imdb.com/title/tt0099487/
554,My Left Foot,1989,7.9,71993,3,https://www.imdb.com/title/tt0097937/
555,Kiki's Delivery Service,1989,7.9,135401,3,https://www.imdb.com/title/tt0097814/
556,Crimes and Misdemeanors,1989,7.9,56854,3,https://www.imdb.com/title/tt0097123/
557,The Untouchables,1987,7.9,297628,2,https://www.imdb.com/title/tt0094226/
558,Hannah and Her Sisters,1986,7.9,70010,4,https://www.imdb.com/title/tt0091167/
559,Brazil,1985,7.9,196156,1,https://www.imdb.com/title/tt0088846/
560,This Is Spinal Tap,1984,7.9,135871,4,https://www.imdb.com/title/tt0088258/
561,A Christmas Story,1983,7.9,139574,3,https://www.imdb.com/title/tt0085334/
562,The Blues Brothers,1980,7.9,192179,3,https://www.imdb.com/title/tt0080455/
563,Manhattan,1979,7.9,137309,1,https://www.imdb.com/title/tt0079522/
564,All That Jazz,1979,7.9,30367,3,https://www.imdb.com/title/tt0078754/
565,Dawn of the Dead,1978,7.9,117164,4,https://www.imdb.com/title/tt0077402/
566,The Holy Mountain,1973,7.9,40879,3,https://www.imdb.com/title/tt0071615/
567,Amarcord,1973,7.9,42191,1,https://www.imdb.com/title/tt0071129/
568,The Discreet Charm of the Bourgeoisie,1972,7.9,41507,6,https://www.imdb.com/title/tt0068361/
569,"Aguirre, the Wrath of God",1972,7.9,55365,5,https://www.imdb.com/title/tt0068182/
570,Harold and Maude,1971,7.9,75507,3,https://www.imdb.com/title/tt0067185/
571,Patton,1970,7.9,99415,1,https://www.imdb.com/title/tt0066206/
572,The Wild Bunch,1969,7.9,82240,3,https://www.imdb.com/title/tt0065214/
573,Night of the Living Dead,1968,7.9,123880,5,https://www.imdb.com/title/tt0063350/
574,The Lion in Winter,1968,7.9,30595,4,https://www.imdb.com/title/tt0063227/
575,In the Heat of the Night,1967,7.9,71538,6,https://www.imdb.com/title/tt0061811/
576,In Cold Blood,1967,7.9,25753,3,https://www.imdb.com/title/tt0061809/
577,Charade,1963,7.9,73965,1,https://www.imdb.com/title/tt0056923/
578,The Manchurian Candidate,1962,7.9,74043,3,https://www.imdb.com/title/tt0056218/
579,Spartacus,1960,7.9,130935,1,https://www.imdb.com/title/tt0054331/
580,Hiroshima Mon Amour,1959,7.9,30578,3,https://www.imdb.com/title/tt0052893/
581,The Ten Commandments,1956,7.9,67761,3,https://www.imdb.com/title/tt0049833/
582,The Searchers,1956,7.9,86039,2,https://www.imdb.com/title/tt0049730/
583,East of Eden,1955,7.9,44034,3,https://www.imdb.com/title/tt0048028/
584,The Big Heat,1953,7.9,25770,3,https://www.imdb.com/title/tt0045555/
585,Harvey,1950,7.9,54447,1,https://www.imdb.com/title/tt0042546/
586,The Asphalt Jungle,1950,7.9,25818,3,https://www.imdb.com/title/tt0042208/
587,Miracle on 34th Street,1947,7.9,45350,4,https://www.imdb.com/title/tt0039628/
588,The Big Sleep,1946,7.9,83422,3,https://www.imdb.com/title/tt0038355/
589,Beauty and the Beast,1946,7.9,25795,4,https://www.imdb.com/title/tt0038348/
590,The Lost Weekend,1945,7.9,35740,3,https://www.imdb.com/title/tt0037884/
591,Sullivan's Travels,1941,7.9,25635,2,https://www.imdb.com/title/tt0034240/
592,The Philadelphia Story,1940,7.9,66910,3,https://www.imdb.com/title/tt0032904/
593,His Girl Friday,1940,7.9,56735,3,https://www.imdb.com/title/tt0032599/
594,Stagecoach,1939,7.9,46946,1,https://www.imdb.com/title/tt0031971/
595,Bringing Up Baby,1938,7.9,59552,3,https://www.imdb.com/title/tt0029947/
596,The Adventures of Robin Hood,1938,7.9,49593,5,https://www.imdb.com/title/tt0029843/
597,A Night at the Opera,1935,7.9,32064,5,https://www.imdb.com/title/tt0026778/
598,King Kong,1933,7.9,83202,2,https://www.imdb.com/title/tt0024216/
599,Freaks,1932,7.9,44818,1,https://www.imdb.com/title/tt0022913/
600,Nosferatu,1922,7.9,93416,1,https://www.imdb.com/title/tt0013442/
601,The Gentlemen,2019,7.8,289789,2,https://www.imdb.com/title/tt8367814/
602,Badla,2019,7.8,26091,1,https://www.imdb.com/title/tt8130968/
603,Raazi,2018,7.8,28565,1,https://www.imdb.com/title/tt7098658/
604,Sound of Metal,2019,7.8,110667,3,https://www.imdb.com/title/tt5363618/
605,Isle of Dogs,2018,7.8,156031,3,https://www.imdb.com/title/tt5104604/
606,Dunkirk,2017,7.8,607650,1,https://www.imdb.com/title/tt5013056/
607,Perfect Strangers,2016,7.8,61759,2,https://www.imdb.com/title/tt4901306/
608,Paddington 2,2017,7.8,69240,2,https://www.imdb.com/title/tt4468740/
609,Udta Punjab,2016,7.8,29168,2,https://www.imdb.com/title/tt4434004/
610,Kubo and the Two Strings,2016,7.8,124610,5,https://www.imdb.com/title/tt4302938/
611,Manchester by the Sea,2016,7.8,265780,4,https://www.imdb.com/title/tt4034228/
612,Land of Mine,2015,7.8,39217,3,https://www.imdb.com/title/tt3841424/
613,Rogue One: A Star Wars Story,2016,7.8,588019,6,https://www.imdb.com/title/tt3748528/
614,Captain America: Civil War,2016,7.8,722537,4,https://www.imdb.com/title/tt3498820/
615,The Hateful Eight,2015,7.8,560343,3,https://www.imdb.com/title/tt3460252/
616,Little Women,2019,7.8,174653,2,https://www.imdb.com/title/tt3281548/
617,Loving Vincent,2017,7.8,55149,2,https://www.imdb.com/title/tt3262342/
618,Pride,2014,7.8,54789,1,https://www.imdb.com/title/tt3169706/
619,Nightcrawler,2014,7.8,504611,1,https://www.imdb.com/title/tt2872718/
620,Star Wars: Episode VII - The Force Awakens,2015,7.8,892511,8,https://www.imdb.com/title/tt2488496/
621,The Great Beauty,2013,7.8,85842,3,https://www.imdb.com/title/tt2358891/
622,The Lunchbox,2013,7.8,53967,2,https://www.imdb.com/title/tt2350496/
623,Vicky Donor,2012,7.8,41935,2,https://www.imdb.com/title/tt2317337/
624,Big Hero 6,2014,7.8,435082,3,https://www.imdb.com/title/tt2245084/
625,Kai Po Che,2013,7.8,35739,3,https://www.imdb.com/title/tt2213054/
626,About Time,2013,7.8,327504,2,https://www.imdb.com/title/tt2194499/
627,English Vinglish,2012,7.8,35320,2,https://www.imdb.com/title/tt2181931/
628,The Wind Rises,2013,7.8,80369,3,https://www.imdb.com/title/tt2013293/
629,The Best Offer,2013,7.8,114638,3,https://www.imdb.com/title/tt1924396/
630,Moonrise Kingdom,2012,7.8,335763,2,https://www.imdb.com/title/tt1748122/
631,How to Train Your Dragon 2,2014,7.8,320098,6,https://www.imdb.com/title/tt1646971/
632,The Big Short,2015,7.8,397878,3,https://www.imdb.com/title/tt1596363/
633,I Saw the Devil,2010,7.8,122186,4,https://www.imdb.com/title/tt1588170/
634,The Girl with the Dragon Tattoo,2011,7.8,445768,6,https://www.imdb.com/title/tt1568346/
635,Captain Phillips,2013,7.8,441909,2,https://www.imdb.com/title/tt1535109/
636,The Man from Nowhere,2010,7.8,67138,4,https://www.imdb.com/title/tt1527788/
637,Straight Outta Compton,2015,7.8,191149,3,https://www.imdb.com/title/tt1398426/
638,The Irishman,2019,7.8,358321,2,https://www.imdb.com/title/tt1302006/
639,Mother,2009,7.8,59811,1,https://www.imdb.com/title/tt1216496/
640,The Chaser,2008,7.8,63254,2,https://www.imdb.com/title/tt1190539/
641,Moon,2009,7.8,348286,1,https://www.imdb.com/title/tt1182345/
642,The Hobbit: The Desolation of Smaug,2013,7.8,628382,6,https://www.imdb.com/title/tt1170358/
643,The White Ribbon,2009,7.8,71737,3,https://www.imdb.com/title/tt1149362/
644,The Girl with the Dragon Tattoo,2009,7.8,213644,6,https://www.imdb.com/title/tt1132620/
645,Skyfall,2012,7.8,672362,1,https://www.imdb.com/title/tt1074638/
646,The Trial of the Chicago 7,2020,7.8,162790,6,https://www.imdb.com/title/tt1070874/
647,Another Round,2020,7.8,121404,2,https://www.imdb.com/title/tt10288566/
648,The Fighter,2010,7.8,354177,2,https://www.imdb.com/title/tt0964517/
649,Taken,2008,7.8,584874,1,https://www.imdb.com/title/tt0936501/
650,The Boy in the Striped Pajamas,2008,7.8,205443,6,https://www.imdb.com/title/tt0914798/
651,Once,2007,7.8,114215,1,https://www.imdb.com/title/tt0907657/
652,The Hobbit: An Unexpected Journey,2012,7.8,787815,5,https://www.imdb.com/title/tt0903624/
653,The Edge of Heaven,2007,7.8,31687,4,https://www.imdb.com/title/tt0880502/
654,Atonement,2007,7.8,266261,1,https://www.imdb.com/title/tt0783233/
655,Drive,2011,7.8,602521,1,https://www.imdb.com/title/tt0780504/
656,American Gangster,2007,7.8,411010,2,https://www.imdb.com/title/tt0765429/
657,Avatar,2009,7.8,1167928,1,https://www.imdb.com/title/tt0499549/
658,Mr. Nobody,2009,7.8,226245,2,https://www.imdb.com/title/tt0485947/
659,Apocalypto,2006,7.8,302410,1,https://www.imdb.com/title/tt0472043/
660,Little Miss Sunshine,2006,7.8,459148,3,https://www.imdb.com/title/tt0449059/
661,Hot Fuzz,2007,7.8,486858,2,https://www.imdb.com/title/tt0425112/
662,The Curious Case of Benjamin Button,2008,7.8,620989,6,https://www.imdb.com/title/tt0421715/
663,Veer-Zaara,2004,7.8,51442,1,https://www.imdb.com/title/tt0420332/
664,Adam's Apples,2005,7.8,48900,2,https://www.imdb.com/title/tt0418455/
665,Pride & Prejudice,2005,7.8,277933,3,https://www.imdb.com/title/tt0414387/
666,The World's Fastest Indian,2005,7.8,53721,4,https://www.imdb.com/title/tt0412080/
667,Tokyo Godfathers,2003,7.8,35587,2,https://www.imdb.com/title/tt0388473/
668,Serenity,2005,7.8,290725,1,https://www.imdb.com/title/tt0379786/
669,Walk the Line,2005,7.8,243480,3,https://www.imdb.com/title/tt0358273/
670,Evil,2003,7.8,37063,1,https://www.imdb.com/title/tt0338309/
671,The Notebook,2004,7.8,546412,2,https://www.imdb.com/title/tt0332280/
672,The Motorcycle Diaries,2004,7.8,99651,3,https://www.imdb.com/title/tt0318462/
673,Lilya 4-Ever,2002,7.8,44607,2,https://www.imdb.com/title/tt0300140/
674,The Triplets of Belleville,2003,7.8,53513,4,https://www.imdb.com/title/tt0286244/
675,Joint Security Area,2000,7.8,28775,3,https://www.imdb.com/title/tt0260991/
676,Waking Life,2001,7.8,62858,2,https://www.imdb.com/title/tt0243017/
677,Remember the Titans,2000,7.8,206994,3,https://www.imdb.com/title/tt0210945/
678,"Crouching Tiger, Hidden Dragon",2000,7.8,262524,4,https://www.imdb.com/title/tt0190332/
679,Cast Away,2000,7.8,560739,2,https://www.imdb.com/title/tt0162222/
680,The Insider,1999,7.8,167086,2,https://www.imdb.com/title/tt0140352/
681,October Sky,1999,7.8,87784,2,https://www.imdb.com/title/tt0132477/
682,Titanic,1997,7.8,1108452,1,https://www.imdb.com/title/tt0120338/
683,Taste of Cherry,1997,7.8,28104,3,https://www.imdb.com/title/tt0120265/
684,Fireworks,1997,7.8,29609,1,https://www.imdb.com/title/tt0119250/
685,Gattaca,1997,7.8,292664,1,https://www.imdb.com/title/tt0119177/
686,Breaking the Waves,1996,7.8,65193,3,https://www.imdb.com/title/tt0115751/
687,Ed Wood,1994,7.8,171870,2,https://www.imdb.com/title/tt0109707/
688,Tombstone,1993,7.8,138239,1,https://www.imdb.com/title/tt0108358/
689,The Sandlot,1993,7.8,86011,2,https://www.imdb.com/title/tt0108037/
690,The Remains of the Day,1993,7.8,70884,5,https://www.imdb.com/title/tt0107943/
691,Naked,1993,7.8,37693,1,https://www.imdb.com/title/tt0107653/
692,The Fugitive,1993,7.8,282105,2,https://www.imdb.com/title/tt0106977/
693,A Bronx Tale,1993,7.8,135517,3,https://www.imdb.com/title/tt0106489/
694,Batman: Mask of the Phantasm,1993,7.8,47235,5,https://www.imdb.com/title/tt0106364/
695,Hard Boiled,1992,7.8,49096,2,https://www.imdb.com/title/tt0104684/
696,The Double Life of Véronique,1991,7.8,46253,5,https://www.imdb.com/title/tt0101765/
697,Boyz n the Hood,1991,7.8,134709,4,https://www.imdb.com/title/tt0101507/
698,Dreams,1990,7.8,25562,1,https://www.imdb.com/title/tt0100998/
699,Misery,1990,7.8,198160,1,https://www.imdb.com/title/tt0100157/
700,Awakenings,1990,7.8,134866,1,https://www.imdb.com/title/tt0099077/
701,Glory,1989,7.8,130958,1,https://www.imdb.com/title/tt0097441/
702,The Killer,1989,7.8,47412,2,https://www.imdb.com/title/tt0097202/
703,Back to the Future Part II,1989,7.8,506893,6,https://www.imdb.com/title/tt0096874/
704,Mississippi Burning,1988,7.8,96044,2,https://www.imdb.com/title/tt0095647/
705,Predator,1987,7.8,391542,1,https://www.imdb.com/title/tt0093773/
706,Ferris Bueller's Day Off,1986,7.8,339843,4,https://www.imdb.com/title/tt0091042/
707,The Goonies,1985,7.8,259207,2,https://www.imdb.com/title/tt0089218/
708,The Color Purple,1985,7.8,83222,3,https://www.imdb.com/title/tt0088939/
709,The Breakfast Club,1985,7.8,376714,3,https://www.imdb.com/title/tt0088847/
710,The Killing Fields,1984,7.8,54235,3,https://www.imdb.com/title/tt0087553/
711,Ghostbusters,1984,7.8,387706,1,https://www.imdb.com/title/tt0087332/
712,The Right Stuff,1983,7.8,59926,3,https://www.imdb.com/title/tt0086197/
713,The King of Comedy,1982,7.8,97689,4,https://www.imdb.com/title/tt0085794/
714,E.T. the Extra-Terrestrial,1982,7.8,391142,3,https://www.imdb.com/title/tt0083866/
715,Kramer vs. Kramer,1979,7.8,140347,3,https://www.imdb.com/title/tt0079417/
716,Days of Heaven,1978,7.8,56183,3,https://www.imdb.com/title/tt0077405/
717,The Outlaw Josey Wales,1976,7.8,70832,4,https://www.imdb.com/title/tt0075029/
718,The Man Who Would Be King,1975,7.8,47590,6,https://www.imdb.com/title/tt0073341/
719,The Conversation,1974,7.8,107107,2,https://www.imdb.com/title/tt0071360/
720,Fantastic Planet,1973,7.8,28867,2,https://www.imdb.com/title/tt0070544/
721,The Day of the Jackal,1973,7.8,39634,5,https://www.imdb.com/title/tt0069947/
722,Badlands,1973,7.8,70551,1,https://www.imdb.com/title/tt0069762/
723,Cabaret,1972,7.8,52586,1,https://www.imdb.com/title/tt0068327/
724,Willy Wonka & the Chocolate Factory,1971,7.8,191165,6,https://www.imdb.com/title/tt0067992/
725,Midnight Cowboy,1969,7.8,107476,2,https://www.imdb.com/title/tt0064665/
726,Wait Until Dark,1967,7.8,29670,3,https://www.imdb.com/title/tt0062467/
727,Guess Who's Coming to Dinner,1967,7.8,42624,5,https://www.imdb.com/title/tt0061735/
728,Bonnie and Clyde,1967,7.8,109092,3,https://www.imdb.com/title/tt0061418/
729,The Umbrellas of Cherbourg,1964,7.8,26168,4,https://www.imdb.com/title/tt0058450/
730,My Fair Lady,1964,7.8,91798,3,https://www.imdb.com/title/tt0058385/
731,Mary Poppins,1964,7.8,165659,2,https://www.imdb.com/title/tt0058331/
732,The Longest Day,1962,7.8,54310,3,https://www.imdb.com/title/tt0056197/
733,Jules and Jim,1962,7.8,40041,3,https://www.imdb.com/title/tt0055032/
734,The Innocents,1961,7.8,29273,2,https://www.imdb.com/title/tt0055018/
735,L'Avventura,1960,7.8,28547,1,https://www.imdb.com/title/tt0053619/
736,Breathless,1960,7.8,78179,1,https://www.imdb.com/title/tt0053472/
737,The Quiet Man,1952,7.8,37121,3,https://www.imdb.com/title/tt0045061/
738,The African Queen,1951,7.8,76634,3,https://www.imdb.com/title/tt0043265/
739,Red River,1948,7.8,30097,2,https://www.imdb.com/title/tt0040724/
740,Key Largo,1948,7.8,39452,2,https://www.imdb.com/title/tt0040506/
741,To Have and Have Not,1944,7.8,33371,5,https://www.imdb.com/title/tt0037382/
742,Gaslight,1944,7.8,27040,1,https://www.imdb.com/title/tt0036855/
743,Shadow of a Doubt,1943,7.8,63285,4,https://www.imdb.com/title/tt0036342/
744,The Lady Vanishes,1938,7.8,50742,3,https://www.imdb.com/title/tt0030341/
745,The Bride of Frankenstein,1935,7.8,46676,4,https://www.imdb.com/title/tt0026138/
746,Duck Soup,1933,7.8,59087,2,https://www.imdb.com/title/tt0023969/
747,Scarface,1932,7.8,27119,1,https://www.imdb.com/title/tt0023427/
748,Frankenstein,1931,7.8,69811,1,https://www.imdb.com/title/tt0021884/
749,The Mitchells vs the Machines,2021,7.7,80824,5,https://www.imdb.com/title/tt7979580/
750,Roma,2018,7.7,150524,1,https://www.imdb.com/title/tt6155172/
751,God's Own Country,2017,7.7,28676,3,https://www.imdb.com/title/tt5635086/
752,Deadpool 2,2018,7.7,530121,2,https://www.imdb.com/title/tt5463162/
753,Wind River,2017,7.7,230406,2,https://www.imdb.com/title/tt5362988/
754,The Salesman,2016,7.7,57145,2,https://www.imdb.com/title/tt5186714/
755,Get Out,2017,7.7,541062,2,https://www.imdb.com/title/tt5052448/
756,Mission: Impossible - Fallout,2018,7.7,312029,4,https://www.imdb.com/title/tt4912910/
757,A Man Called Ove,2015,7.7,51686,4,https://www.imdb.com/title/tt4080728/
758,What We Do in the Shadows,2014,7.7,172362,6,https://www.imdb.com/title/tt3416742/
759,When Marnie Was There,2014,7.7,37333,4,https://www.imdb.com/title/tt3398268/
760,The Theory of Everything,2014,7.7,429049,4,https://www.imdb.com/title/tt2980516/
761,Kingsman: The Secret Service,2014,7.7,624621,4,https://www.imdb.com/title/tt2802144/
762,The Fault in Our Stars,2014,7.7,361008,5,https://www.imdb.com/title/tt2582846/
763,Me and Earl and the Dying Girl,2015,7.7,128214,7,https://www.imdb.com/title/tt2582496/
764,Birdman or (The Unexpected Virtue of Ignorance),2014,7.7,606629,7,https://www.imdb.com/title/tt2562232/
765,The Past,2013,7.7,47739,2,https://www.imdb.com/title/tt2404461/
766,Blue Is the Warmest Colour,2013,7.7,146226,5,https://www.imdb.com/title/tt2278871/
767,The Broken Circle Breakdown,2012,7.7,40595,4,https://www.imdb.com/title/tt2024519/
768,Toy Story 4,2019,7.7,227856,3,https://www.imdb.com/title/tt1979376/
769,Captain America: The Winter Soldier,2014,7.7,789573,5,https://www.imdb.com/title/tt1843866/
770,Rockstar,2011,7.7,42577,1,https://www.imdb.com/title/tt1839596/
771,Nebraska,2013,7.7,115958,1,https://www.imdb.com/title/tt1821549/
772,Wreck-It Ralph,2012,7.7,400729,2,https://www.imdb.com/title/tt1772341/
773,The Little Prince,2015,7.7,59960,3,https://www.imdb.com/title/tt1754656/
774,Detachment,2011,7.7,81752,1,https://www.imdb.com/title/tt1683526/
775,Midnight in Paris,2011,7.7,406881,3,https://www.imdb.com/title/tt1605783/
776,Confessions,2010,7.7,37824,1,https://www.imdb.com/title/tt1590089/
777,The Lego Movie,2014,7.7,338313,3,https://www.imdb.com/title/tt1490017/
778,Gravity,2013,7.7,798328,1,https://www.imdb.com/title/tt1454468/
779,Star Trek Into Darkness,2013,7.7,474757,4,https://www.imdb.com/title/tt1408101/
780,Beasts of No Nation,2015,7.7,78612,4,https://www.imdb.com/title/tt1365050/
781,The Social Network,2010,7.7,663049,3,https://www.imdb.com/title/tt1285016/
782,X: First Class,2011,7.7,668162,3,https://www.imdb.com/title/tt1270798/
783,The Hangover,2009,7.7,750592,2,https://www.imdb.com/title/tt1119646/
784,Silver Linings Playbook,2012,7.7,686122,3,https://www.imdb.com/title/tt1045658/
785,Argo,2012,7.7,595441,1,https://www.imdb.com/title/tt1024648/
786,500 Days of Summer,2009,7.7,492926,4,https://www.imdb.com/title/tt1022603/
787,Harry Potter and the Deathly Hallows: Part 1,2010,7.7,511210,8,https://www.imdb.com/title/tt0926084/
788,Ponyo,2008,7.7,135244,1,https://www.imdb.com/title/tt0876563/
789,Frost/Nixon,2008,7.7,106345,1,https://www.imdb.com/title/tt0870111/
790,Paprika,2006,7.7,78162,1,https://www.imdb.com/title/tt0851578/
791,Changeling,2008,7.7,248459,1,https://www.imdb.com/title/tt0824747/
792,Flipped,2010,7.7,87328,1,https://www.imdb.com/title/tt0817177/
793,The Girl Who Leapt Through Time,2006,7.7,63848,6,https://www.imdb.com/title/tt0808506/
794,This Is England,2006,7.7,119629,3,https://www.imdb.com/title/tt0480025/
795,Ex Machina,2014,7.7,510362,2,https://www.imdb.com/title/tt0470752/
796,After the Wedding,2006,7.7,33846,3,https://www.imdb.com/title/tt0457655/
797,The Last King of Scotland,2006,7.7,182151,5,https://www.imdb.com/title/tt0455590/
798,Zodiac,2007,7.7,506317,1,https://www.imdb.com/title/tt0443706/
799,Lucky Number Slevin,2006,7.7,307393,3,https://www.imdb.com/title/tt0425210/
800,Joyeux Noel,2005,7.7,29023,2,https://www.imdb.com/title/tt0424205/
801,Control,2007,7.7,63907,1,https://www.imdb.com/title/tt0421082/
802,Tangled,2010,7.7,428188,1,https://www.imdb.com/title/tt0398286/
803,Black Book,2006,7.7,75247,2,https://www.imdb.com/title/tt0389557/
804,Brokeback Mountain,2005,7.7,342288,2,https://www.imdb.com/title/tt0388795/
805,3:10 to Yuma,2007,7.7,300519,3,https://www.imdb.com/title/tt0381849/
806,Crash,2004,7.7,429072,1,https://www.imdb.com/title/tt0375679/
807,Kung Fu Hustle,2004,7.7,134300,3,https://www.imdb.com/title/tt0373074/
808,The Bourne Supremacy,2004,7.7,450230,3,https://www.imdb.com/title/tt0372183/
809,The Machinist,2004,7.7,374615,2,https://www.imdb.com/title/tt0361862/
810,Ray,2004,7.7,143955,1,https://www.imdb.com/title/tt0350258/
811,Lost in Translation,2003,7.7,437148,3,https://www.imdb.com/title/tt0335266/
812,Harry Potter and the Goblet of Fire,2005,7.7,583340,7,https://www.imdb.com/title/tt0330373/
813,Man on Fire,2004,7.7,348995,3,https://www.imdb.com/title/tt0328107/
814,Coraline,2009,7.7,212958,1,https://www.imdb.com/title/tt0327597/
815,The Last Samurai,2003,7.7,419706,3,https://www.imdb.com/title/tt0325710/
816,The Magdalene Sisters,2002,7.7,26831,3,https://www.imdb.com/title/tt0318411/
817,Good Bye Lenin!,2003,7.7,142855,3,https://www.imdb.com/title/tt0301357/
818,In America,2002,7.7,42606,2,https://www.imdb.com/title/tt0298845/
819,Adaptation.,2002,7.7,187388,1,https://www.imdb.com/title/tt0268126/
820,Black Hawk Down,2001,7.7,381061,3,https://www.imdb.com/title/tt0265086/
821,Road to Perdition,2002,7.7,259371,3,https://www.imdb.com/title/tt0257044/
822,The Experiment,2001,7.7,92751,2,https://www.imdb.com/title/tt0250258/
823,Billy Elliot,2000,7.7,131581,2,https://www.imdb.com/title/tt0249462/
824,Hedwig and the Angry Inch,2001,7.7,34797,5,https://www.imdb.com/title/tt0248845/
825,The Count of Monte Cristo,2002,7.7,134149,5,https://www.imdb.com/title/tt0245844/
826,Ocean's Eleven,2001,7.7,545272,2,https://www.imdb.com/title/tt0240772/
827,Vampire Hunter D: Bloodlust,2000,7.7,30886,4,https://www.imdb.com/title/tt0216651/
828,"O Brother, Where Art Thou?",2000,7.7,300638,5,https://www.imdb.com/title/tt0190590/
829,Interstate 60: Episodes of the Road,2002,7.7,31595,6,https://www.imdb.com/title/tt0165832/
830,"South Park: Bigger, Longer & Uncut",1999,7.7,199755,6,https://www.imdb.com/title/tt0158983/
831,Office Space,1999,7.7,254925,2,https://www.imdb.com/title/tt0151804/
832,Happiness,1998,7.7,68830,1,https://www.imdb.com/title/tt0147612/
833,The Boondock Saints,1999,7.7,234306,3,https://www.imdb.com/title/tt0144117/
834,Training Day,2001,7.7,414264,2,https://www.imdb.com/title/tt0139654/
835,Run Lola Run,1998,7.7,194890,3,https://www.imdb.com/title/tt0130827/
836,Rushmore,1998,7.7,178814,1,https://www.imdb.com/title/tt0128445/
837,Open Your Eyes,1997,7.7,67828,3,https://www.imdb.com/title/tt0125659/
838,Mulan,1998,7.7,272106,1,https://www.imdb.com/title/tt0120762/
839,Being John Malkovich,1999,7.7,325465,3,https://www.imdb.com/title/tt0120601/
840,As Good as It Gets,1997,7.7,289826,5,https://www.imdb.com/title/tt0119822/
841,The Game,1997,7.7,374181,2,https://www.imdb.com/title/tt0119174/
842,The Fifth Element,1997,7.7,454296,3,https://www.imdb.com/title/tt0119116/
843,Le Dîner de Cons,1998,7.7,40397,4,https://www.imdb.com/title/tt0119038/
844,Donnie Brasco,1997,7.7,294095,2,https://www.imdb.com/title/tt0119008/
845,Happy Together,1997,7.7,26540,2,https://www.imdb.com/title/tt0118845/
846,Shine,1996,7.7,53273,1,https://www.imdb.com/title/tt0117631/
847,Primal Fear,1996,7.7,203141,2,https://www.imdb.com/title/tt0117381/
848,Hamlet,1996,7.7,37359,1,https://www.imdb.com/title/tt0116477/
849,Sense and Sensibility,1995,7.7,110695,3,https://www.imdb.com/title/tt0114388/
850,A Little Princess,1995,7.7,33726,3,https://www.imdb.com/title/tt0113670/
851,Fallen Angels,1995,7.7,34261,2,https://www.imdb.com/title/tt0112913/
852,The Postman,1994,7.7,35449,2,https://www.imdb.com/title/tt0110877/
853,Clerks,1994,7.7,217597,1,https://www.imdb.com/title/tt0109445/
854,What's Eating Gilbert Grape,1993,7.7,227657,4,https://www.imdb.com/title/tt0108550/
855,Short Cuts,1993,7.7,43974,2,https://www.imdb.com/title/tt0108122/
856,Philadelphia,1993,7.7,233996,1,https://www.imdb.com/title/tt0107818/
857,The Muppet Christmas Carol,1992,7.7,53856,4,https://www.imdb.com/title/tt0104940/
858,Malcolm X,1992,7.7,91335,2,https://www.imdb.com/title/tt0104797/
859,The Last of the Mohicans,1992,7.7,161740,5,https://www.imdb.com/title/tt0104691/
860,Porco Rosso,1992,7.7,84566,2,https://www.imdb.com/title/tt0104652/
861,Glengarry Glen Ross,1992,7.7,101820,3,https://www.imdb.com/title/tt0104348/
862,A Few Good Men,1992,7.7,250216,4,https://www.imdb.com/title/tt0104257/
863,Night on Earth,1991,7.7,58576,3,https://www.imdb.com/title/tt0102536/
864,Fried Green Tomatoes,1991,7.7,71750,3,https://www.imdb.com/title/tt0101921/
865,Barton Fink,1991,7.7,117984,2,https://www.imdb.com/title/tt0101410/
866,Miller's Crossing,1990,7.7,131942,2,https://www.imdb.com/title/tt0100150/
867,Who Framed Roger Rabbit,1988,7.7,192919,4,https://www.imdb.com/title/tt0096438/
868,The Vanishing,1988,7.7,37381,2,https://www.imdb.com/title/tt0096163/
869,The Last Emperor,1987,7.7,99541,3,https://www.imdb.com/title/tt0093389/
870,Evil Dead II,1987,7.7,156741,3,https://www.imdb.com/title/tt0092991/
871,Empire of the Sun,1987,7.7,121452,4,https://www.imdb.com/title/tt0092965/
872,The Name of the Rose,1986,7.7,105954,5,https://www.imdb.com/title/tt0091605/
873,Down by Law,1986,7.7,50331,3,https://www.imdb.com/title/tt0090967/
874,Blue Velvet,1986,7.7,191247,2,https://www.imdb.com/title/tt0090756/
875,The Purple Rose of Cairo,1985,7.7,50398,5,https://www.imdb.com/title/tt0089853/
876,After Hours,1985,7.7,65854,2,https://www.imdb.com/title/tt0088680/
877,Zelig,1983,7.7,41391,1,https://www.imdb.com/title/tt0086637/
878,The Verdict,1982,7.7,38548,2,https://www.imdb.com/title/tt0084855/
879,Star Trek II: The Wrath of Khan,1982,7.7,117571,7,https://www.imdb.com/title/tt0084726/
880,First Blood,1982,7.7,240772,2,https://www.imdb.com/title/tt0083944/
881,Ordinary People,1980,7.7,50059,2,https://www.imdb.com/title/tt0081283/
882,Airplane!,1980,7.7,227135,1,https://www.imdb.com/title/tt0080339/
883,Halloween,1978,7.7,260249,1,https://www.imdb.com/title/tt0077651/
884,Nashville,1975,7.7,25492,1,https://www.imdb.com/title/tt0073440/
885,Love and Death,1975,7.7,37718,3,https://www.imdb.com/title/tt0073312/
886,The Taking of Pelham One Two Three,1974,7.7,29480,7,https://www.imdb.com/title/tt0072251/
887,Blazing Saddles,1974,7.7,133394,2,https://www.imdb.com/title/tt0071230/
888,Serpico,1973,7.7,118056,1,https://www.imdb.com/title/tt0070666/
889,Enter the Dragon,1973,7.7,101720,3,https://www.imdb.com/title/tt0070034/
890,Deliverance,1972,7.7,104514,1,https://www.imdb.com/title/tt0068473/
891,The French Connection,1971,7.7,117367,3,https://www.imdb.com/title/tt0067116/
892,Dirty Harry,1971,7.7,150794,2,https://www.imdb.com/title/tt0066999/
893,The Odd Couple,1968,7.7,33887,3,https://www.imdb.com/title/tt0063374/
894,The Dirty Dozen,1967,7.7,70638,3,https://www.imdb.com/title/tt0061578/
895,Belle de Jour,1967,7.7,42856,3,https://www.imdb.com/title/tt0061395/
896,A Man for All Seasons,1966,7.7,33577,5,https://www.imdb.com/title/tt0060665/
897,Repulsion,1965,7.7,51786,1,https://www.imdb.com/title/tt0059646/
898,Zulu,1964,7.7,38081,1,https://www.imdb.com/title/tt0058777/
899,Goldfinger,1964,7.7,183609,1,https://www.imdb.com/title/tt0058150/
900,The Birds,1963,7.7,181731,2,https://www.imdb.com/title/tt0056869/
901,Cape Fear,1962,7.7,28164,2,https://www.imdb.com/title/tt0055824/
902,Peeping Tom,1960,7.7,33913,2,https://www.imdb.com/title/tt0054167/
903,The Magnificent Seven,1960,7.7,92181,3,https://www.imdb.com/title/tt0054047/
904,Les yeux sans visage,1960,7.7,30249,4,https://www.imdb.com/title/tt0053459/
905,Invasion of the Body Snatchers,1956,7.7,47915,5,https://www.imdb.com/title/tt0049366/
906,Rebel Without a Cause,1955,7.7,87691,4,https://www.imdb.com/title/tt0048545/
907,The Ladykillers,1955,7.7,28494,2,https://www.imdb.com/title/tt0048281/
908,The Caine Mutiny,1954,7.7,26956,3,https://www.imdb.com/title/tt0046816/
909,The Day the Earth Stood Still,1951,7.7,80157,6,https://www.imdb.com/title/tt0043456/
910,Fantasia,1940,7.7,92818,1,https://www.imdb.com/title/tt0032455/
911,The Invisible Man,1933,7.7,33587,3,https://www.imdb.com/title/tt0024184/
912,Dark Waters,2019,7.6,77381,2,https://www.imdb.com/title/tt9071322/
913,Searching,2018,7.6,154801,1,https://www.imdb.com/title/tt7668870/
914,Once Upon a Time... In Hollywood,2019,7.6,655849,6,https://www.imdb.com/title/tt7131622/
915,Loveless,2017,7.6,32056,1,https://www.imdb.com/title/tt6304162/
916,Train to Busan,2016,7.6,197194,3,https://www.imdb.com/title/tt5700672/
917,The Florida Project,2017,7.6,105749,3,https://www.imdb.com/title/tt5649144/
918,Just Mercy,2019,7.6,59002,2,https://www.imdb.com/title/tt4916630/
919,Gifted,2017,7.6,109539,1,https://www.imdb.com/title/tt4481414/
920,Victoria,2015,7.6,56621,1,https://www.imdb.com/title/tt4226388/
921,Guardians of the Galaxy Vol. 2,2017,7.6,623235,6,https://www.imdb.com/title/tt3896198/
922,Only the Brave,2017,7.6,64610,3,https://www.imdb.com/title/tt3829920/
923,Incredibles 2,2018,7.6,273964,2,https://www.imdb.com/title/tt3606756/
924,Moana,2016,7.6,303321,1,https://www.imdb.com/title/tt3521164/
925,Sicario,2015,7.6,403738,1,https://www.imdb.com/title/tt3397884/
926,Creed,2015,7.6,261477,1,https://www.imdb.com/title/tt3076658/
927,Leviathan,2014,7.6,51982,1,https://www.imdb.com/title/tt2802154/
928,Hell or High Water,2016,7.6,217413,4,https://www.imdb.com/title/tt2582782/
929,Philomena,2013,7.6,97860,1,https://www.imdb.com/title/tt2431286/
930,The Body,2012,7.6,62736,2,https://www.imdb.com/title/tt1937149/
931,The Raid: Redemption,2011,7.6,198415,3,https://www.imdb.com/title/tt1899353/
932,End of Watch,2012,7.6,238430,3,https://www.imdb.com/title/tt1855199/
933,A Star Is Born,2018,7.6,361394,4,https://www.imdb.com/title/tt1517451/
934,True Grit,2010,7.6,326638,2,https://www.imdb.com/title/tt1403865/
935,In a Better World,2010,7.6,39578,4,https://www.imdb.com/title/tt1340107/
936,Despicable Me,2010,7.6,522029,2,https://www.imdb.com/title/tt1323594/
937,50/50,2011,7.6,324008,1,https://www.imdb.com/title/tt1306980/
938,Celda 211,2009,7.6,66237,2,https://www.imdb.com/title/tt1242422/
939,Moneyball,2011,7.6,397949,1,https://www.imdb.com/title/tt1210166/
940,The Skin I Live In,2011,7.6,146958,5,https://www.imdb.com/title/tt1189073/
941,Zombieland,2009,7.6,548428,1,https://www.imdb.com/title/tt1156398/
942,The Wave,2008,7.6,106530,2,https://www.imdb.com/title/tt1063669/
943,Sherlock Holmes,2009,7.6,608736,2,https://www.imdb.com/title/tt0988045/
944,The Blind Side,2009,7.6,312727,3,https://www.imdb.com/title/tt0878804/
945,Seven Pounds,2008,7.6,295895,2,https://www.imdb.com/title/tt0814314/
946,Eastern Promises,2007,7.6,236544,2,https://www.imdb.com/title/tt0765443/
947,Stardust,2007,7.6,265037,1,https://www.imdb.com/title/tt0486655/
948,The Secret of Kells,2009,7.6,34224,4,https://www.imdb.com/title/tt0485601/
949,Inside Man,2006,7.6,357514,2,https://www.imdb.com/title/tt0454848/
950,Gone Baby Gone,2007,7.6,264904,3,https://www.imdb.com/title/tt0452623/
951,Harry Potter and the Half-Blood Prince,2009,7.6,507742,6,https://www.imdb.com/title/tt0417741/
952,300,2006,7.6,763017,1,https://www.imdb.com/title/tt0416449/
953,Match Point,2005,7.6,213252,2,https://www.imdb.com/title/tt0416320/
954,Watchmen,2009,7.6,530472,1,https://www.imdb.com/title/tt0409459/
955,Saw,2004,7.6,402059,1,https://www.imdb.com/title/tt0387564/
956,Mysterious Skin,2004,7.6,67941,2,https://www.imdb.com/title/tt0370986/
957,A Very Long Engagement,2004,7.6,72572,4,https://www.imdb.com/title/tt0344510/
958,The Station Agent,2003,7.6,69348,3,https://www.imdb.com/title/tt0340377/
959,21 Grams,2003,7.6,232009,2,https://www.imdb.com/title/tt0315733/
960,Finding Neverland,2004,7.6,203198,2,https://www.imdb.com/title/tt0308644/
961,25th Hour,2002,7.6,175596,2,https://www.imdb.com/title/tt0307901/
962,The Butterfly Effect,2004,7.6,471136,3,https://www.imdb.com/title/tt0289879/
963,I Am Sam,2001,7.6,147563,3,https://www.imdb.com/title/tt0277027/
964,Battle Royale,2000,7.6,178038,2,https://www.imdb.com/title/tt0266308/
965,The Royal Tenenbaums,2001,7.6,280454,3,https://www.imdb.com/title/tt0265666/
966,Y tu mamá también,2001,7.6,120136,4,https://www.imdb.com/title/tt0245574/
967,Harry Potter and the Sorcerer's Stone,2001,7.6,717064,6,https://www.imdb.com/title/tt0241527/
968,The Others,2001,7.6,353949,2,https://www.imdb.com/title/tt0230600/
969,Minority Report,2002,7.6,531333,2,https://www.imdb.com/title/tt0181689/
970,American Psycho,2000,7.6,537555,2,https://www.imdb.com/title/tt0144084/
971,The Thin Red Line,1998,7.6,181953,4,https://www.imdb.com/title/tt0120863/
972,Dark City,1998,7.6,195108,2,https://www.imdb.com/title/tt0118929/
973,Lost Highway,1997,7.6,137630,2,https://www.imdb.com/title/tt0116922/
974,The Bridges of Madison County,1995,7.6,78160,5,https://www.imdb.com/title/tt0112579/
975,Apollo 13,1995,7.6,283828,2,https://www.imdb.com/title/tt0112384/
976,Three Colors: White,1994,7.6,70507,3,https://www.imdb.com/title/tt0111507/
977,Dazed and Confused,1993,7.6,176009,3,https://www.imdb.com/title/tt0106677/
978,My Cousin Vinny,1992,7.6,116677,3,https://www.imdb.com/title/tt0104952/
979,Only Yesterday,1991,7.6,30155,2,https://www.imdb.com/title/tt0102587/
980,Home Alone,1990,7.6,525014,2,https://www.imdb.com/title/tt0099785/
981,When Harry Met Sally...,1989,7.6,208013,4,https://www.imdb.com/title/tt0098635/
982,The Naked Gun: From the Files of Police Squad!,1988,7.6,162110,9,https://www.imdb.com/title/tt0095705/
983,Withnail & I,1987,7.6,42635,3,https://www.imdb.com/title/tt0094336/
984,Lethal Weapon,1987,7.6,248738,2,https://www.imdb.com/title/tt0093409/
985,Blood Simple,1984,7.6,93138,2,https://www.imdb.com/title/tt0086979/
986,The Road Warrior,1981,7.6,174455,3,https://www.imdb.com/title/tt0082694/
987,Lupin III: The Castle of Cagliostro,1979,7.6,29433,6,https://www.imdb.com/title/tt0079833/
988,Close Encounters of the Third Kind,1977,7.6,194358,6,https://www.imdb.com/title/tt0075860/
989,The Tenant,1976,7.6,42558,2,https://www.imdb.com/title/tt0074811/
990,"Duck, You Sucker!",1971,7.6,33469,3,https://www.imdb.com/title/tt0067140/
991,Kelly's Heroes,1970,7.6,47790,2,https://www.imdb.com/title/tt0065938/
992,Where Eagles Dare,1968,7.6,56312,3,https://www.imdb.com/title/tt0065207/
993,The Jungle Book,1967,7.6,174545,3,https://www.imdb.com/title/tt0061852/
994,Breakfast at Tiffany's,1961,7.6,174249,3,https://www.imdb.com/title/tt0054698/
995,Giant,1956,7.6,37392,1,https://www.imdb.com/title/tt0049261/
996,Sabrina,1954,7.6,62781,1,https://www.imdb.com/title/tt0047437/
997,From Here to Eternity,1953,7.6,45683,4,https://www.imdb.com/title/tt0045793/
998,Gilda,1946,7.6,31249,1,https://www.imdb.com/title/tt0038559/
999,Lifeboat,1944,7.6,28076,1,https://www.imdb.com/title/tt0037017/
1000,The 39 Steps,1935,7.6,55106,3,https://www.imdb.com/title/tt0026029/
